url,search_type
https://www.mycareersfuture.sg/job/cyber-security-consultant-advanced-analytics-ensign-infosecurity-503b29987b2de07558243f877ee585db,analytics
https://www.mycareersfuture.sg/job/financial-planning-analytics-analyst-zalora-south-east-asia-80d8f2bdefcf82ca0460b270f92a765b,analytics
https://www.mycareersfuture.sg/job/solution-architect-mixpanel-apac-6d45fa4709fa576e4e1c77723052012e,analytics
https://www.mycareersfuture.sg/job/technical-specialist-ads-singapore-google-asia-pacific-aee166de1be3293ab49727b5019b43e2,analytics
https://www.mycareersfuture.sg/job/manager-mobile-city-d2262e0eab330eb68ef69c429b67ecb9,analytics
https://www.mycareersfuture.sg/job/big-data-presales-imperium-solutions-39f3e3dfa822217862108cbda95ddb4e,analytics
https://www.mycareersfuture.sg/job/cap-dg-lead-lenovo-7350d8bc727aa6c44f8bc2258a087a9e,analytics
https://www.mycareersfuture.sg/job/senior-executive-executive-operations-agency-integrated-care-2009871e805b2fecbe391e690d336f47,analytics
https://www.mycareersfuture.sg/job/avp-strategy-manager-future-operations-consumer-banking-group-operations-to-dbs-bank-3610fcc9d11b575290c49890754d4ff0,analytics
https://www.mycareersfuture.sg/job/business-development-consultant-talent-plus-641d4c2f955adc6989ddfd17ca6799eb,analytics
https://www.mycareersfuture.sg/job/sales-representative-mixpanel-apac-1a090ca26e4c16fb101c9947510db38f,analytics
https://www.mycareersfuture.sg/job/iot-product-manager-manpower-staffing-services-d29a2bc57332e1b591a51ac406f3a24a,analytics
https://www.mycareersfuture.sg/job/sap-solution-architect-daya-dimensi-global-741b759720b881badea2389c31bb9323,analytics
https://www.mycareersfuture.sg/job/hr-admin-assistant-ddb-worldwide-3d0ee0dfbd386adef216d478eea2e604,analytics
https://www.mycareersfuture.sg/job/lead-mobility-partner-mobility-experience-singapore-google-asia-pacific-52185446b95785896a885f1ea00be8d7,analytics
https://www.mycareersfuture.sg/job/avp-service-delivery-manager-self-service-banking-%E2%80%93-services-operations-to-dbs-bank-ef263b7d6a2c9e55a531a1861712b66a,analytics
https://www.mycareersfuture.sg/job/senior-administrative-manager-76bca11335a7169cad0765fab14cce8b,analytics
https://www.mycareersfuture.sg/job/assistant-manager-b643a5115de173ef893d0700814b172b,analytics
https://www.mycareersfuture.sg/job/senior-manager-system-operations-0ecbfefbad254cccabfa3f1b1906ee60,analytics
https://www.mycareersfuture.sg/job/marketing-analytics-consultant-accenture-84125257bcbdefd83e5c2260caa4c836,analytics
https://www.mycareersfuture.sg/job/business-analytics-specialist-bi4dynamics-asia-5ab014de639ddc294c4cfe047831d9ad,analytics
https://www.mycareersfuture.sg/job/digital-solution-architect-accenture-95aaf7b14a63d821d61081b10cd10e31,analytics
https://www.mycareersfuture.sg/job/research-fellow-nanyang-technological-university-00d8ea3b388ff41b3f8e96a1048a20c5,analytics
https://www.mycareersfuture.sg/job/management-consultant-technology-pricewaterhousecoopers-consulting-44c8326cc962a457fa058ecfc1af6c0b,analytics
https://www.mycareersfuture.sg/job/sales-strategy-operations-manager-singapore-google-asia-pacific-8ed576edb4a627978579697d9dfc8964,analytics
https://www.mycareersfuture.sg/job/developer-channels-portal-great-eastern-life-assurance-company-6cf3553fa1a4dcbf6dc5b176196ee0db,analytics
https://www.mycareersfuture.sg/job/director-pricing-analysis-leasing-support-aercap-singapore-6f224784d41a08b32f5532e4285cea0f,analytics
https://www.mycareersfuture.sg/job/deputy-general-manager-murata-electronics-singapore-f61a0d90b247acf45577f1bb1bc15f0c,analytics
https://www.mycareersfuture.sg/job/senior-principal-business-consultant-aspentech-5fac17f6fb86ef6f7f7697a2c1767e6b,analytics
https://www.mycareersfuture.sg/job/vp-sales-aspentech-dbe12dc833aac79f3ccccb02c491b983,analytics
https://www.mycareersfuture.sg/job/research-engineer-i2r-astar-research-entities-35841c5db0e076ba172e2c4cf417ee52,analytics
https://www.mycareersfuture.sg/job/service-delivery-manager-daya-dimensi-global-d9c2e173d4730342a8ca8701b807319d,analytics
https://www.mycareersfuture.sg/job/sap-successfactors-compensation-consultant-daya-dimensi-global-f34d6d0f20fd33e05f2bf7b446f50baa,analytics
https://www.mycareersfuture.sg/job/test-automation-architect-accenture-c529f60566a3a50e0dbd39a30d1b131a,analytics
https://www.mycareersfuture.sg/job/sap-successfactors-onboarding-consultant-daya-dimensi-global-85bad956a0afe73666b94e446ce2a551,analytics
https://www.mycareersfuture.sg/job/sap-successfactors-recruitment-consultant-daya-dimensi-global-f6527f9df94d217ce1050642538fef26,analytics
https://www.mycareersfuture.sg/job/test-automation-architect-accenture-ebdf7f3fa9eb7d442f328344318829c7,analytics
https://www.mycareersfuture.sg/job/sap-successfactors-employee-central-consultant-daya-dimensi-global-800e1348f5829682c8a9af8822d71473,analytics
https://www.mycareersfuture.sg/job/web-developer-accenture-22a9a1818e7b9819e6132b0d91845afc,analytics
https://www.mycareersfuture.sg/job/visual-designer-accenture-b698e88bc8a3c65c355ed6c6801e1366,analytics
https://www.mycareersfuture.sg/job/visual-designer-accenture-aa571e811a2ff6100c20446c8fccbb16,analytics
https://www.mycareersfuture.sg/job/interaction-designer-accenture-b6f584160c74f1e799719a6791b1501f,analytics
https://www.mycareersfuture.sg/job/interaction-designer-accenture-abfceec1198ace2e05e3c5a9312b501a,analytics
https://www.mycareersfuture.sg/job/senior-manager-marketing-communications-content-ctrlshift-singapore-d1671981526013b18501f4828db536b5,analytics
https://www.mycareersfuture.sg/job/securities-core-trading-operations-continuous-improvement-analyst-merrill-lynch-global-services-e088fa405f9092bf7bdf294143ac480e,analytics
https://www.mycareersfuture.sg/job/human-resource-executive-odd-fellows-5e925ce2143ceab688018235770304c2,analytics
https://www.mycareersfuture.sg/job/recruiter-leadership-singapore-google-asia-pacific-9086fa6cd426d1e9e8443b5d6d7edab8,analytics
https://www.mycareersfuture.sg/job/leadership-researcher-tokyo-google-asia-pacific-aa0d2f012a0b725c3866999540b57337,analytics
https://www.mycareersfuture.sg/job/director-marcom-admissions-iss-international-school-984b56e897b3abba76d4bf19e9040319,analytics
https://www.mycareersfuture.sg/job/senior-consultant-yieldify-singapore-d67e3f6bb73bf295405f24d4b6b11a6b,analytics
https://www.mycareersfuture.sg/job/manager-marketing-analytics-paypal-725a0d8cbb719796baca8b8cb52b31a7,analytics
https://www.mycareersfuture.sg/job/analytics-end-end-architect-cognizant-technology-solutions-asia-pacific-c2bc28bf101605dc672395cc4f112c3c,analytics
https://www.mycareersfuture.sg/job/strategic-director-groupm-asia-pacific-holdings-a73367b2b85d0f91d7faf178c10ff2a7,analytics
https://www.mycareersfuture.sg/job/csat-reporting-analyst-grabtaxi-holdings-377d57f9928c0286f3ac597565540718,analytics
https://www.mycareersfuture.sg/job/senior-programmatic-media-manager-groupm-asia-pacific-holdings-18fd911cd2c28ddb868bdcf7dbfb483a,analytics
https://www.mycareersfuture.sg/job/programmatic-media-manager-groupm-asia-pacific-holdings-23e400fc2ad572ad34070edaf088d1ae,analytics
https://www.mycareersfuture.sg/job/programmatic-media-trader-groupm-asia-pacific-holdings-87dc9ec1e51d4c45c0f848e31ed2e4c0,analytics
https://www.mycareersfuture.sg/job/senior-strategy-director-groupm-asia-pacific-holdings-39d6123a666d13b35c3fb61c71635192,analytics
https://www.mycareersfuture.sg/job/senior-machine-learning-engineer-mindcraft-singapore-77a6453165f62994e6f9bb0e7328c3ae,analytics
https://www.mycareersfuture.sg/job/growth-marketer-cialfo-355ca9db08173a1d14200ede1d09a442,analytics
https://www.mycareersfuture.sg/job/solution-analyst-shell-eastern-petroleum-69628559ea019cef7d3248feae4c39a4,analytics
https://www.mycareersfuture.sg/job/senior-strategy-director-groupm-singapore-7ab00c1294438ad3aaf68f237f2f40b9,analytics
https://www.mycareersfuture.sg/job/technology-consultant-simplifynext-308b7b09e7e0c3e355c1dbcd6285b46d,analytics
https://www.mycareersfuture.sg/job/manager-branding-communications-dksh-singapore-745e2f2161e6589a0a1ebcec0186c309,analytics
https://www.mycareersfuture.sg/job/research-engineer-senior-research-engineer-astar-research-entities-e6843671708adb132d9f2ed8eb61d159,analytics
https://www.mycareersfuture.sg/job/programmatic-media-director-groupm-asia-pacific-holdings-b8b123940df411a9319e2ec77295e1fb,analytics
https://www.mycareersfuture.sg/job/recruitment-consultant-technology-nextwave-partners-df22fd42fabf4022137655acc4c0d3d0,analytics
https://www.mycareersfuture.sg/job/senior-designer-mindcraft-singapore-d61155e701f70afdca4efce9280e0229,analytics
https://www.mycareersfuture.sg/job/senior-engineer-mindcraft-singapore-b363e8128c8f1a214cea227838eae12b,analytics
https://www.mycareersfuture.sg/job/lead-product-manager-mindcraft-singapore-278c0f741f9d40229fc37fee4eeecf07,analytics
https://www.mycareersfuture.sg/job/seo-content-marketing-content-editor-industrial-electronics-d1c14963d2be132843b11ae0465b6deb,analytics
https://www.mycareersfuture.sg/job/staffing-researcher-engineering-manager-recruiting-technology-staffing-singapore-google-asia-pacific-51f7e16608358b7a5641076c7d179280,analytics
https://www.mycareersfuture.sg/job/research-fellow-nanyang-technological-university-d6749e3d6e1d5f180731237e37d646d8,analytics
https://www.mycareersfuture.sg/job/manager-mechanical-cf03e6e08a717ebb40fbf8ad80fce0ce,analytics
https://www.mycareersfuture.sg/job/account-manager-1fd7a322c20453417d3785b8aa1653a7,analytics
https://www.mycareersfuture.sg/job/client-director-c79ad52c25998187a336f93819e1e897,analytics
https://www.mycareersfuture.sg/job/client-director-d817d8ec1aca0954def8e29a06758ee2,analytics
https://www.mycareersfuture.sg/job/senior-manager-finance-hr-administaration-2ba612ff3e54e0f9cb0fc1cb434bb674,analytics
https://www.mycareersfuture.sg/job/assistant-director-sciente-international-0a61804734a007fb8b69b1a1f72f2600,analytics
https://www.mycareersfuture.sg/job/actuarial-manager-qbe-insurance-e1c21e74205e9dc21dff8f6744c5d794,analytics
https://www.mycareersfuture.sg/job/operations-securities-division-operations-equities-trading-services-analyst-goldman-sachs-services-992f411b06a1037184141a8c2a7064ea,analytics
https://www.mycareersfuture.sg/job/operations-reg-control-ops-regulatory-ops-derivatives-regulatory-reporting-associate-goldman-sachs-services-3b55d7cee4421e7e847138d2a173630d,analytics
https://www.mycareersfuture.sg/job/research-associate-eee-infinitus-nanyang-technological-university-67c714d60cec137110d1bed73babe870,analytics
https://www.mycareersfuture.sg/job/operations-reg-control-ops-regulatory-ops-derivatives-regulatory-reporting-associate-goldman-sachs-services-a6208dd8d5b776d70f67ce582f911edb,analytics
https://www.mycareersfuture.sg/job/senior-associate-balance-sheet-management-corporate-treasury-group-finance-dbs-bank-ae1ca6f0a9e78ee8e52926288fe85b90,analytics
https://www.mycareersfuture.sg/job/associate-balance-sheet-management-corporate-treasury-group-finance-dbs-bank-0978f0b753706d0dd4c920b097c81b1c,analytics
https://www.mycareersfuture.sg/job/operations-regulatory-operations-derivatives-regulatory-reporting-executive-director-goldman-sachs-services-83d8e44a829314e7049ee5c07300486f,analytics
https://www.mycareersfuture.sg/job/engineering-lead-mindcraft-singapore-e02de28a458e57459523c639cf91eaa7,analytics
https://www.mycareersfuture.sg/job/finance-manager-canopy-91b15b2cc482ed5349f52c0ebc2207e9,analytics
https://www.mycareersfuture.sg/job/marketing-manager-spotify-singapore-67c79c64ee1705d79fb08559003b8c9f,analytics
https://www.mycareersfuture.sg/job/marketing-executive-maserazi-0c227d4bcd923f345ff0ff7e14dd8b6b,analytics
https://www.mycareersfuture.sg/job/events-sales-manager-globaldata-33bf0214b5d79118c6fe553963dec231,analytics
https://www.mycareersfuture.sg/job/valuation-analyst-john-foord-d84335be76bed571c8af4af3452a46ee,analytics
https://www.mycareersfuture.sg/job/recruiter-global-business-operations-portfolio-singapore-google-asia-pacific-94b144c530975fee280a102dcde8c04f,analytics
https://www.mycareersfuture.sg/job/hr-executive-teambuild-engineering-construction-211e57ea8f81992a8e474b3f7c0ccb54,analytics
https://www.mycareersfuture.sg/job/driver-relation-manager-unicorn-limo-3c72ae58ff8de62a07aac388b4a99e38,analytics
https://www.mycareersfuture.sg/job/hr-officer-zhao-yang-geotechnic-5217a4ff3ee6fa2f6866323174c76276,analytics
https://www.mycareersfuture.sg/job/smart-grid-research-manager-edf-lab-singapore-ded26e7dff6ab49f31073d6cc154b80e,analytics
https://www.mycareersfuture.sg/job/telesales-telemarketing-manager-simone-studios-a547fc8388c0cd0191c09b2a1fd5126b,analytics
https://www.mycareersfuture.sg/job/manager-long-chen-construction-09d74fa4597c229bc71f076a68225e96,analytics
https://www.mycareersfuture.sg/job/pricing-contracts-analyst-amphenol-fci-asia-f7340abda427cc652ffd7f05b3a826a5,analytics
https://www.mycareersfuture.sg/job/svp-team-head-strategic-cost-management-digital-value-capture-group-finance-dbs-bank-346d677bbb75ea6a76ae0e1450fb2f6c,analytics
https://www.mycareersfuture.sg/job/scientist-i2r-astar-astar-research-entities-c2ff59da8ad9e3b133d1587e92e4c24d,analytics
https://www.mycareersfuture.sg/job/principal-research-engineer-i2r-astar-astar-research-entities-80884c63cf83097c77993df48981948b,analytics
https://www.mycareersfuture.sg/job/data-management-expert-blackrock-advisors-singapore-f6d5730cb52484fb163326e5b9145f2c,analytics
https://www.mycareersfuture.sg/job/senior-consultant-energy-kbc-advanced-technology-f9d42ea4be02bc44e53a68b70d223804,analytics
https://www.mycareersfuture.sg/job/web-developer-administrator-elite-asia-bef7664dfdd06d652d9c8451cd6b02e4,analytics
https://www.mycareersfuture.sg/job/manager-senior-manager-deloitte-touche-enterprise-risk-services-cdae4864d667d81918e9d276e582a0d9,analytics
https://www.mycareersfuture.sg/job/assistant-manager-education-national-university-singapore-fcefd3d3f95f053d13ace55b8041537e,analytics
https://www.mycareersfuture.sg/job/admin-officer-i2r-astar-astar-research-entities-48fd661cdabea301a235cc034f354249,analytics
https://www.mycareersfuture.sg/job/quantity-risk-analyst-%E2%80%93-lng-trading-multinational-kerry-consulting-e793cb676c6e94ca9b1c563ea2df8d2a,analytics
https://www.mycareersfuture.sg/job/scientist-i2r-astar-astar-research-entities-f67c0b817420bcae56a180bf5d868f52,analytics
https://www.mycareersfuture.sg/job/scientist-i2r-astar-astar-research-entities-ac2eac084120e2a67448d180b6ec6c0a,analytics
https://www.mycareersfuture.sg/job/scientist-astar-research-entities-24be72fbc2b57638905be7fc41acaa07,analytics
https://www.mycareersfuture.sg/job/people-operations-business-partner-compass-group-855b719cf133eb6c3ee93df0fecac9a3,analytics
https://www.mycareersfuture.sg/job/engineer-senior-engineer-industrial-engineering-globalfoundries-singapore-faca4886841f76f1db2059d2a76f7683,analytics
https://www.mycareersfuture.sg/job/internet-engineer-u-p-insurance-agency-4d48dd83226105aeda3781492498394e,analytics
https://www.mycareersfuture.sg/job/pre-sales-consultant-trakomatic-3a478826d177d6e98dbb15d6d7c09cd4,analytics
https://www.mycareersfuture.sg/job/product-manager-taiger-singapore-f15a6338397d0da37dfaa4075ae58c83,analytics
https://www.mycareersfuture.sg/job/product-manager-taiger-singapore-56a29bbc076c74215cc3f8408c0196bb,analytics
https://www.mycareersfuture.sg/job/director-nike-direct-com-asia-hub-nike-global-trading-bv-singapore-branch-4b461a167801c269a4dce22faf402759,analytics
https://www.mycareersfuture.sg/job/senior-research-fellow-national-university-singapore-d3e4323a5ef4a408ca2afee3113748cd,analytics
https://www.mycareersfuture.sg/job/director-ad-ops-omd-singapore-dfd76836f065a6212e4a72a019a29858,analytics
https://www.mycareersfuture.sg/job/senior-specialist-change-management-borouge-f277875417534c99f44619a69bc15bc2,analytics
https://www.mycareersfuture.sg/job/partner-manager-b8b9075a3067951469a95b91b7557d5e,analytics
https://www.mycareersfuture.sg/job/chief-financial-officer-87fb33a32cde51e43abf602a69370593,analytics
https://www.mycareersfuture.sg/job/middle-office-analyst-94bf6e621b5ec8b0065c0a972388b0d4,analytics
https://www.mycareersfuture.sg/job/2019-financial-product-analytics-sales-graduate-program-indonesian-japanese-thai-speakers-bloomberg-singapore-107a40b7ef2019978f4c8f0e2ced2d64,analytics
https://www.mycareersfuture.sg/job/senior-manager-national-university-singapore-6533dac7f8772db7f0b368d2c63d1e80,analytics
https://www.mycareersfuture.sg/job/operations-securities-division-operations-equities-trading-services-operations-associate-goldman-sachs-services-3aeea5e233e2f818566fdee062eaa6e2,analytics
https://www.mycareersfuture.sg/job/platform-delivery-lead-standard-chartered-bank-5981c30478fb8b757717dab7a96cb71c,analytics
https://www.mycareersfuture.sg/job/data-science-consulting-f9f764d12974f48d7d205bf16a417566,analytics
https://www.mycareersfuture.sg/job/quant-standard-chartered-bank-a4db1009f11314ac88264d001d1473e0,analytics
https://www.mycareersfuture.sg/job/senior-software-developer-standard-chartered-bank-071da2499fa0876323072cb0fe977377,analytics
https://www.mycareersfuture.sg/job/talent-acquisition-lead-aviva-255113fee5298d5a4f8aba8040c48184,analytics
https://www.mycareersfuture.sg/job/market-analyst-kemin-industries-a22958670c33487c7c22e8cdf0ae52e8,analytics
https://www.mycareersfuture.sg/job/data-scientists-wsh-experts-ca1f372574183b87aa59ba1fd439481e,analytics
https://www.mycareersfuture.sg/job/senior-manager-strategic-procurement-project-schneider-electric-asia-8233c33d18e876a0d3d7389bbfd7a47e,analytics
https://www.mycareersfuture.sg/job/management-trainee-03fbc86fe797a8686da8d34de28d23dc,analytics
https://www.mycareersfuture.sg/job/lecturer-singapore-university-social-sciences-5f7429b478bfdc75fcaf517867d87c1f,analytics
https://www.mycareersfuture.sg/job/senior-lecturer-singapore-university-social-sciences-c0c608da792625b6e49f0c528d4f806e,analytics
https://www.mycareersfuture.sg/job/market-intelligence-manager-astellas-pharma-singapore-c8437208c4fa69861aa2309f2b64a2e0,analytics
https://www.mycareersfuture.sg/job/avp-investment-advisory-%E2%80%93-business-infrastructure-strategy-banking-dbs-bank-1c159dc54421b6d6e33cf5cb05f49aa3,analytics
https://www.mycareersfuture.sg/job/technical-lead-aem-hcl-singapore-993d151130be322dc350761c68f7fd0e,analytics
https://www.mycareersfuture.sg/job/front-end-developer-standard-chartered-bank-f939e63cba98ba026bc600253971618f,analytics
https://www.mycareersfuture.sg/job/ux-designer-cum-developer-wizlearn-technologies-c92b18b4956f955583b78c478b84c2d7,analytics
https://www.mycareersfuture.sg/job/marketing-assistant-servicom-medical-b069ec91ea75cd3e5f03f1b47ab13594,analytics
https://www.mycareersfuture.sg/job/assistant-vice-president-e-commerce-wing-tai-digital-management-3ef77fa9bc05082eb24b8b81425e73bb,analytics
https://www.mycareersfuture.sg/job/senior-manager-director-capgemini-singapore-12714b1b64ea8054d171ebf2f8ab42f7,analytics
https://www.mycareersfuture.sg/job/abuse-analyst-real-time-communications-singapore-google-asia-pacific-b538a7bc7f8a8c2be5f9695648c1130f,analytics
https://www.mycareersfuture.sg/job/associate-risk-06f0d533942fb790e3a6cdcae03cde4a,analytics
https://www.mycareersfuture.sg/job/data-analytics-%E2%80%93-supply-chain-infineon-technologies-asia-pacific-47a8c05f0f63ac4f47c3c2e607424d1a,analytics
https://www.mycareersfuture.sg/job/vp-financial-crime-analytics-%E2%80%93-transaction-monitoring-group-compliance-dbs-bank-620be0720b3036efa5093d2abdf53f2f,analytics
https://www.mycareersfuture.sg/job/avp-financial-crime-analytics-%E2%80%93-transaction-monitoring-group-compliance-dbs-bank-6fe072b799f53aa39b9d92c3061808bd,analytics
https://www.mycareersfuture.sg/job/senior-application-developer-capita-8f6d1a8147069775cd22d3158d278da5,analytics
https://www.mycareersfuture.sg/job/manager-zhou-hei-ya-foods-bfb50993f44c71ef87f8b12995810bac,analytics
https://www.mycareersfuture.sg/job/senior-machine-learning-engineer-rio-tinto-commercial-aa9e2f689ceddc31e4881004a34c2f66,analytics
https://www.mycareersfuture.sg/job/director-credit-card-activation-retention-rewards-standard-chartered-bank-e0c41fe5d361ebe2954437544cbf9284,analytics
https://www.mycareersfuture.sg/job/director-credit-card-portfolio-balance-growth-standard-chartered-bank-3e6b5e5b0feb9ac3c9a7a1fb28e8feb5,analytics
https://www.mycareersfuture.sg/job/senior-frontend-developer-manpower-staffing-services-32a579da7311da1a3a4794236bc38723,analytics
https://www.mycareersfuture.sg/job/ux-strategist-tbwa-singapore-a77dca0866702b32ff5e6a734704eccc,analytics
https://www.mycareersfuture.sg/job/vp-dir-head-service-transformation-bluechip-platforms-asia-aa79796e17007779b083c183e4d40062,analytics
https://www.mycareersfuture.sg/job/sales-executive-connected-freight-1e936a27e4e59613b2101bf2da58d5f1,analytics
https://www.mycareersfuture.sg/job/credit-manager-multi-commodities-trading-multinational-kerry-consulting-0ecaacf72be4d97ddf4454e76c6eae08,analytics
https://www.mycareersfuture.sg/job/information-technology-director-msd-international-gmbh-721c21aa80b3761354bbf9522a01d75c,analytics
https://www.mycareersfuture.sg/job/marketing-specialist-optimum-solutions-0844c0492680aee9d754874b27f2dd28,analytics
https://www.mycareersfuture.sg/job/senior-front-end-engineer-rio-tinto-commercial-d4af8684cb2b220939075d94685b080d,analytics
https://www.mycareersfuture.sg/job/information-technology-director-msd-international-gmbh-b3a70d098b8d79354a23559f84f68289,analytics
https://www.mycareersfuture.sg/job/crm-operations-executive-vacances-281cc0de38785f1481d81958609c7fbb,analytics
https://www.mycareersfuture.sg/job/digital-marketing-assistant-eight-mercatus-b482abe8a4f992cdfff7b5376915277b,analytics
https://www.mycareersfuture.sg/job/business-manager-standard-chartered-bank-4d533b06ce1de82aa299e466472f868b,analytics
https://www.mycareersfuture.sg/job/finance-admin-executive-bioquest-advisory-c6fef4e2d50f04a3a2e33a3bc12d184f,analytics
https://www.mycareersfuture.sg/job/business-analysts-bioquest-advisory-d878f9510cb5095a86987fae7a22826a,analytics
https://www.mycareersfuture.sg/job/senior-change-manager-training-comms-adoption-client-engagement-effectiveness-standard-chartered-bank-d062797e8c29f34998d5f1a356fa81e9,analytics
https://www.mycareersfuture.sg/job/global-talent-consultant-talent-intelligence-insights-singapore-google-asia-pacific-7736983ec59be6c7d8e4ba92dba801d9,analytics
https://www.mycareersfuture.sg/job/recruiter-technical-staffing-singapore-google-asia-pacific-c51b7c74adbd46c9e76bc0df2852eeb2,analytics
https://www.mycareersfuture.sg/job/pricing-manager-paypal-f691bac5acfbca4c525d6a65ca847574,analytics
https://www.mycareersfuture.sg/job/data-specialist-trax-technology-solutions-87ee7a9c8cf27e55c8751300899425a3,analytics
https://www.mycareersfuture.sg/job/talent-sourcing-specialist-cloud-singapore-google-asia-pacific-15c3e52deb0fe90db6758a7adfefec3c,analytics
https://www.mycareersfuture.sg/job/product-manager-location-based-experiences-wework-singapore-262da212a7ad20e4b4132ae9f912f5dd,analytics
https://www.mycareersfuture.sg/job/digital-project-leader-marketing-vacances-c6bc1c58d26eaab459591db9c8040d3d,analytics
https://www.mycareersfuture.sg/job/senior-manager-5a9607d422d129a5ff2e2c4eb7929eb1,analytics
https://www.mycareersfuture.sg/job/manager-5bc16a80371f81495250970d4974027e,analytics
https://www.mycareersfuture.sg/job/human-resource-executive-24bcf6bbd9f1e5a97a41861935564227,analytics
https://www.mycareersfuture.sg/job/senior-research-fellow-nanyang-technological-university-be89d0dd24307f8ddee782cdc3eb72d1,analytics
https://www.mycareersfuture.sg/job/research-associate-nanyang-technological-university-a448e5ec5a0a968275eef516b50bf0c0,analytics
https://www.mycareersfuture.sg/job/project-officer-nanyang-technological-university-13f0647e3668c97a2a45214bb750012c,analytics
https://www.mycareersfuture.sg/job/director-product-supply-audience-demand-69558e29f37f50967d247c01d8de15f4,analytics
https://www.mycareersfuture.sg/job/global-coal-markets-senior-analyst-sp-global-asian-holdings-5e2840654fca2516b734d1e165c9a265,analytics
https://www.mycareersfuture.sg/job/vice-president-product-management-platform-data-servicesasia-pacifc-mastercard-asiapacific-ddbeb963b06cec42b843deb7ed336067,analytics
https://www.mycareersfuture.sg/job/strategy-insight-director-dentsu-aegis-network-asia-pacific-cb36d749e65ca97b6db807b7fcfd9491,analytics
https://www.mycareersfuture.sg/job/sap-consultant-clariant-42ae5e6cc6d144d377d194e51f391242,analytics
https://www.mycareersfuture.sg/job/project-officer-nanyang-technological-university-5e9779012e5527c1decf32f7fa70a943,analytics
https://www.mycareersfuture.sg/job/business-control-consultant-merrill-lynch-global-services-14251f8847cd0a4df60bda9b6403473f,analytics
https://www.mycareersfuture.sg/job/business-control-consultant-merrill-lynch-global-services-580fb60f52beddf983678b69514ba3b1,analytics
https://www.mycareersfuture.sg/job/supplier-quality-management-assistant-manager-schneider-electric-asia-a027c91a8803ebbdbf5b42c8fbfa63e3,analytics
https://www.mycareersfuture.sg/job/sap-receivable-management-analyst-spencer-ogden-95b17f727b81c7d44c6b9ce6344dc4ea,analytics
https://www.mycareersfuture.sg/job/senior-consultant-pactera-singapore-69530c96c3416741cb517f13e2a97684,analytics
https://www.mycareersfuture.sg/job/senior-enterprise-architect-aryan-solutions-9dbfa5c90cb0f6c237c3adf046ebccef,analytics
https://www.mycareersfuture.sg/job/engineering-manager-transport-redmart-8d7a09b8738d72837172ba8c3aee754c,analytics
https://www.mycareersfuture.sg/job/avp-credit-risk-portfolio-manager-consumer-banking-risk-management-group-dbs-bank-c3bc4e4aa030a83b62809ef33474b73e,analytics
https://www.mycareersfuture.sg/job/account-manager-bloomberg-singapore-66af4a9f8796b3c607ef35e0cc2fe180,analytics
https://www.mycareersfuture.sg/job/senior-executive-assistant-manager-national-university-singapore-3fe8ae17ae2ae7dd33cfc5153400cc48,analytics
https://www.mycareersfuture.sg/job/senior-strategic-planner-bonsey-jaden-f9a6999cbab68e25090cd068795b29f2,analytics
https://www.mycareersfuture.sg/job/senior-manager-582ce9941fdf5992480cfe5de0ca9a40,analytics
https://www.mycareersfuture.sg/job/manager-2825bc6a0c9c19c4633c13b2d2670c72,analytics
https://www.mycareersfuture.sg/job/senior-manager-5de81c9d0f834204fc6d87639ba1a3c5,analytics
https://www.mycareersfuture.sg/job/manager-bf7595fe65e05a7bc6683fcaa817704d,analytics
https://www.mycareersfuture.sg/job/project-management-manager-a5103edfc9c1babb4ff693d075a5039f,analytics
https://www.mycareersfuture.sg/job/section-manager-supply-chain-dfae7500ae3401fb3216a38a4862e40c,analytics
https://www.mycareersfuture.sg/job/iv2-production-tools-engineer-6a83d8f22129bea0f1f628a8a34b5d29,analytics
https://www.mycareersfuture.sg/job/assistant-vice-president-crm-analytics-hsbc-bank-c48e3492a0dd8b2283744e4196089961,analytics
https://www.mycareersfuture.sg/job/product-engineer-zweec-analytics-6f72eab5512cceac793f17317bc15452,analytics
https://www.mycareersfuture.sg/job/manager-deskera-singapore-b9d029486855550f132507eeffc2f6e2,analytics
https://www.mycareersfuture.sg/job/svp-segment-manager-consumer-banking-group-dbs-bank-995573a2ea4065d0327c531ebb9e02a1,analytics
https://www.mycareersfuture.sg/job/vp-segment-manager-consumer-banking-group-dbs-bank-f47728803407e60d17d5c1bb7b0acf92,analytics
https://www.mycareersfuture.sg/job/strategic-projects-manager-grabtaxi-holdings-693d2608b6cd49c7d735e403d2ddf822,analytics
https://www.mycareersfuture.sg/job/strategic-projects-manager-grabtaxi-holdings-f983481fb394c1411e14945e177184b6,analytics
https://www.mycareersfuture.sg/job/manager-octavo-9961f156539724d5188c0c380d9ce2d3,analytics
https://www.mycareersfuture.sg/job/consultant-remedy-discovery-developer-hcl-singapore-99490da7437c75cee74139544db7d687,analytics
https://www.mycareersfuture.sg/job/avp-senior-analyst-gic-cfb8a73be2314ca799c78e1ae6604b7b,analytics
https://www.mycareersfuture.sg/job/growth-hacker-marketing-manager-blockpunk-2f08a20717c66a59f95a114646d36828,analytics
https://www.mycareersfuture.sg/job/account-manager-consultant-ruder-finn-asia-f0d70d09b033eaaf5e67b25881fcf204,analytics
https://www.mycareersfuture.sg/job/head-consumer-general-business-ruder-finn-asia-7e8f229b03dff11f92492a0e6d0a1a3b,analytics
https://www.mycareersfuture.sg/job/program-advisor-textile-fashion-industry-training-centre-40ba53d1b8bb590295bc7df096c32db0,analytics
https://www.mycareersfuture.sg/job/cognos-admin-wipro-19264a052f85f809b727a03f35efffb1,analytics
https://www.mycareersfuture.sg/job/cloud-computing-observability-engineer-vice-president-jpmorgan-chase-bank-na-5c2f5ff0a668b89d2ba049b964641a06,analytics
https://www.mycareersfuture.sg/job/digital-strategy-executive-kino-biotech-d9a0e0c437d8318c454d0444dcde04a1,analytics
https://www.mycareersfuture.sg/job/principal-consultant-infosys-consulting-e759735add89c4a6460579833811d709,analytics
https://www.mycareersfuture.sg/job/technical-manager-flintex-consulting-c0ce8a69a3d06eb27ec19ceec0290157,analytics
https://www.mycareersfuture.sg/job/trading-platform-team-lead-asia-wealth-platform-fdc954edeb7aa13cb129fd5524b4ff53,analytics
https://www.mycareersfuture.sg/job/senior-manager-9ed177f9e4b4b8e26fac948bfe4d427c,analytics
https://www.mycareersfuture.sg/job/manager-0e98d3a4ebac44c77fe4c3a497f8e9bd,analytics
https://www.mycareersfuture.sg/job/senior-manager-f807757a8b583cc22cb09febd2051fc8,analytics
https://www.mycareersfuture.sg/job/manager-6702c85d600c675ab5d789e731c39e30,analytics
https://www.mycareersfuture.sg/job/devops-architect-e0a1af6470c9cc9774be662682021e3f,analytics
https://www.mycareersfuture.sg/job/analyst-senior-analyst-4931e4f348bab65c6f0491424f6a0230,analytics
https://www.mycareersfuture.sg/job/sales-account-manager-44b5126df702b3f6e89bb69da83b095d,analytics
https://www.mycareersfuture.sg/job/financial-consultant-d2ae954b4741ef9d164ec765cb92dd45,analytics
https://www.mycareersfuture.sg/job/cctv-design-engineer-people-profilers-aba3ee9d551bd7108f125c828e316900,analytics
https://www.mycareersfuture.sg/job/senior-manager-a54080f3368da8b9b8afe1805285f5ed,analytics
https://www.mycareersfuture.sg/job/manager-939f173ad7cc8174fe289eda10961141,analytics
https://www.mycareersfuture.sg/job/sales-insights-analytics-lead-go-market-singapore-google-asia-pacific-ae7b77686aa48fdbf562b547b5d35d2a,analytics
https://www.mycareersfuture.sg/job/vice-president-crm-analytics-hsbc-bank-275cc7a2bb4fc0ed31fd90f1e2bd6202,analytics
https://www.mycareersfuture.sg/job/marketing-executive-park-place-technologies-f1f5e3621704b5f53e7fecb645404770,analytics
https://www.mycareersfuture.sg/job/quantitative-analyst-%E2%80%93-international-energy-trading-bluechip-platforms-asia-4c04491a4da988630decefab4b9092f2,analytics
https://www.mycareersfuture.sg/job/machine-learning-engineer-ntt-data-singapore-d9dbf31dfb76475c6ebb209743c4978d,analytics
https://www.mycareersfuture.sg/job/quantitative-analyst-%E2%80%93-international-energy-trading-kerry-consulting-8eedea5bdfcbccd39ce56d777c1d9eda,analytics
https://www.mycareersfuture.sg/job/scientific-director-singapore-mit-alliance-research-technology-centre-fe69bea62b1dc922668a7134712526b0,analytics
https://www.mycareersfuture.sg/job/client-service-outbound-executive-reed-business-information-6208f0e4a15b289dcd8c64dfb2a157e4,analytics
https://www.mycareersfuture.sg/job/manager-xin-fa-wang-496435d795d48918d19c3a2b9bad9863,analytics
https://www.mycareersfuture.sg/job/account-manager-xin-fa-wang-764dac6be92c4a209f483309bf3dabcf,analytics
https://www.mycareersfuture.sg/job/manager-general-1790d29441b87376fe0b35a7b3d62983,analytics
https://www.mycareersfuture.sg/job/google-ads-ppc-account-manager-strategy-solutions-services-953ec94c26a5579b383f57ab5b37cf40,analytics
https://www.mycareersfuture.sg/job/front-end-developer-gmp-recruitment-services-f3ddbd8d38d34a697822a31fa356776b,analytics
https://www.mycareersfuture.sg/job/research-assistant-research-associate-postdoctoral-fellow-research-fellow-national-university-singapore-9d254b5a5ce65376a832166d3e389db3,analytics
https://www.mycareersfuture.sg/job/research-assistant-nus-computing-national-university-singapore-2ad115778419c888f96c7607613f5190,analytics
https://www.mycareersfuture.sg/job/client-solutions-manager-facebook-singapore-1af62c21821af370e3e5fd8a27bd4557,analytics
https://www.mycareersfuture.sg/job/accounts-executive-jardin-enchante-d8290458c61304591484c9939cffeec6,analytics
https://www.mycareersfuture.sg/job/database-administration-capita-2592cdf6c76e11e520095f03e4c7fd74,analytics
https://www.mycareersfuture.sg/job/database-administration-capita-74ba3e42f0b67f5923462f183cfc50df,analytics
https://www.mycareersfuture.sg/job/quantity-risk-analyst-%E2%80%93-lng-trading-multinational-kerry-consulting-06136613ec41ab5c0cabd5893fcf3b3c,analytics
https://www.mycareersfuture.sg/job/cybersecurity-manager-security-operations-centre-civil-aviation-authority-singapore-c065f1aca47a7cb2ef37d2efbdf2ba28,analytics
https://www.mycareersfuture.sg/job/project-management-director-global-business-operations-discovery-networks-asia-pacific-571ceeb872926301d172bf6751ea0c84,analytics
https://www.mycareersfuture.sg/job/lead-people-analyst-singapore-google-asia-pacific-d62ba8479237b8ea7bfccdefd3b2da82,analytics
https://www.mycareersfuture.sg/job/asia-lead-gas-analyst-reed-business-information-707b7887006e0f9d016be6957140c00d,analytics
https://www.mycareersfuture.sg/job/consultant-finance-transformation-deloitte-consulting-d9b430237abca79522c54ea0fc483fbb,analytics
https://www.mycareersfuture.sg/job/power-bi-developer-c1f3461285a5ce4e7d5888609e82baf2,analytics
https://www.mycareersfuture.sg/job/manager-analytics-paypal-ae4d5fadf0a5ceb200bc3f91ff1fe877,analytics
https://www.mycareersfuture.sg/job/senior-analytics-manager-essence-global-media-singapore-b162985c940877ad8ea84ad2e4140d74,analytics
https://www.mycareersfuture.sg/job/customer-technical-support-representative-clarivate-analytics-9b6ea8806613376a69fe4d4174a32ea8,analytics
https://www.mycareersfuture.sg/job/ap-senior-sales-operation-executive-cloud-ibm-innovation-services-3af1a83207a35c75c5deb87ab285b32e,analytics
https://www.mycareersfuture.sg/job/editor-vegetable-oils-pricing-sp-global-asian-holdings-c23a50f673854bc2c3ed143caccc15cc,analytics
https://www.mycareersfuture.sg/job/digital-marketing-executive-3k-tiong-bahru-fb-ads-seo-immediate-supreme-hr-advisory-e199df9db56f7b7eec36f332fff8a51d,analytics
https://www.mycareersfuture.sg/job/senior-executive-finance-m1-758cd3f94d61d4be300cbd861052be03,analytics
https://www.mycareersfuture.sg/job/hr-analyst-ad-astra-consultants-e03c536fda064f7cbd51cf724cb01b2a,analytics
https://www.mycareersfuture.sg/job/enterprise-architect-blue-star-infostack-solutions-329baef8203002a6d07b244306640d6e,analytics
https://www.mycareersfuture.sg/job/lead-solution-architect-siemens-mobility-557cbc5225c89a3dcda6ca49c875ed04,analytics
https://www.mycareersfuture.sg/job/senior-financial-analyst-829bb8976af156cd3ef4d121fd70e667,analytics
https://www.mycareersfuture.sg/job/strategy-manager-irisnation-singapore-128e1c7addb964b2bf41acca9dd74d37,analytics
https://www.mycareersfuture.sg/job/regional-logistics-director-foodpanda-singapore-37805482a5a447f24a5fc2410ffa45c6,analytics
https://www.mycareersfuture.sg/job/commercial-excellence-leader-ge-measurement-control-8952a434a1d97d6b89f224c50a367ba5,analytics
https://www.mycareersfuture.sg/job/executive-corporate-marketing-alliance-21-7e90bebb42a3189281c663db129eccd4,analytics
https://www.mycareersfuture.sg/job/reseach-assistant-research-associate-postdoctoral-fellow-national-university-singapore-000768e756cd2fc248f575d81eac70c6,analytics
https://www.mycareersfuture.sg/job/associate-management-reporting-great-eastern-life-assurance-company-2bf7a18ac27b6ad0aea0f1c987c64806,analytics
https://www.mycareersfuture.sg/job/programme-manager-compliance-hongkong-shanghai-banking-corporation-abf9e1950a0bf3ab92ebef59799dc34d,analytics
https://www.mycareersfuture.sg/job/regional-expansion-manager-grabtaxi-holdings-b259634acbfbf088430ce245857bd890,analytics
https://www.mycareersfuture.sg/job/strategic-operations-manager-grabtaxi-holdings-babce538c0b46b3d3840084951316890,analytics
https://www.mycareersfuture.sg/job/software-engineer-ibm-innovation-services-d6d0f579d77162e41aebcc12f68a7744,analytics
https://www.mycareersfuture.sg/job/principle-leadership-development-amazon-web-services-singapore-c193e0efb41a533ec558f5812299feaf,analytics
https://www.mycareersfuture.sg/job/research-assistant-national-university-singapore-c8ee7438a283894e9280850b010c2c98,analytics
https://www.mycareersfuture.sg/job/metals-methodology-market-specialist-sp-global-asian-holdings-ea02d57256af7da42c589052cb72ddc7,analytics
https://www.mycareersfuture.sg/job/sales-operations-business-analysis-executive-becton-dickinson-holdings-4eed7cdd607a5ca2eeef96fdfa9f1de8,analytics
https://www.mycareersfuture.sg/job/seo-manager-cybersprout-65782ba10644de94275aca50de3823a5,analytics
